{"cameraMode":{"drawMode":0,"name":"Shaded","section":"Shading Mode"},"sceneLighting":false,"audioPlay":false,"sceneViewState":{"showFog":true,"showMaterialUpdate":false,"showSkybox":true,"showFlares":true,"showImageEffects":true,"showParticleSystems":true},"in2DMode":false,"pivot":{"x":1000.8294067382813,"y":508.02923583984377,"z":60.6669921875},"rotation":{"x":0.03557673469185829,"y":0.07697197794914246,"z":0.0027484307065606119,"w":-0.9963948130607605},"size":400.0390930175781,"orthographic":false}