{"cameraMode":{"drawMode":0,"name":"Shaded","section":"Shading Mode"},"sceneLighting":true,"audioPlay":false,"sceneViewState":{"showFog":true,"showMaterialUpdate":false,"showSkybox":true,"showFlares":true,"showImageEffects":true,"showParticleSystems":true},"in2DMode":false,"pivot":{"x":-5.1340861320495609,"y":4.6620659828186039,"z":3.2241058349609377},"rotation":{"x":0.17049866914749146,"y":-0.5793463587760925,"z":0.12548087537288667,"w":0.7871136665344238},"size":10.986474990844727,"orthographic":false}