{"cameraMode":{"drawMode":0,"name":"Shaded","section":"Shading Mode"},"sceneLighting":true,"audioPlay":false,"sceneViewState":{"showFog":true,"showMaterialUpdate":false,"showSkybox":false,"showFlares":true,"showImageEffects":true,"showParticleSystems":true},"in2DMode":false,"pivot":{"x":-32.65745544433594,"y":-12.10444450378418,"z":21.02964210510254},"rotation":{"x":0.3782857656478882,"y":-0.129707932472229,"z":0.053590480238199237,"w":0.9149905443191528},"size":38.335357666015628,"orthographic":false}