{"cameraMode":{"drawMode":0,"name":"Shaded","section":"Shading Mode"},"sceneLighting":false,"audioPlay":false,"sceneViewState":{"showFog":true,"showMaterialUpdate":false,"showSkybox":true,"showFlares":true,"showImageEffects":true,"showParticleSystems":true},"in2DMode":false,"pivot":{"x":-0.3676033914089203,"y":1.4657648801803589,"z":-1.1416776180267335},"rotation":{"x":0.33372512459754946,"y":0.03534020110964775,"z":-0.012517117895185948,"w":0.9419292211532593},"size":1.8073949813842774,"orthographic":false}