{"cameraMode":{"drawMode":0,"name":"Shaded","section":"Shading Mode"},"sceneLighting":false,"audioPlay":false,"sceneViewState":{"showFog":true,"showMaterialUpdate":false,"showSkybox":false,"showFlares":true,"showImageEffects":true,"showParticleSystems":true},"in2DMode":false,"pivot":{"x":9.569999694824219,"y":1.5999999046325684,"z":24.600000381469728},"rotation":{"x":-0.08628364652395249,"y":0.014667298644781113,"z":-0.0012561272596940399,"w":-0.9961828589439392},"size":6.92509126663208,"orthographic":false}