{"cameraMode":{"drawMode":0,"name":"Shaded","section":"Shading Mode"},"sceneLighting":true,"audioPlay":false,"sceneViewState":{"showFog":true,"showMaterialUpdate":false,"showSkybox":true,"showFlares":true,"showImageEffects":true,"showParticleSystems":true},"in2DMode":false,"pivot":{"x":0.5544795989990234,"y":9.764906883239746,"z":-1.3064608573913575},"rotation":{"x":0.27576833963394167,"y":0.35636627674102785,"z":-0.1109439805150032,"w":0.8858023881912231},"size":4.740727424621582,"orthographic":false}