{"cameraMode":{"drawMode":0,"name":"Shaded","section":"Shading Mode"},"sceneLighting":true,"audioPlay":false,"sceneViewState":{"showFog":true,"showMaterialUpdate":false,"showSkybox":true,"showFlares":true,"showImageEffects":true,"showParticleSystems":true},"in2DMode":false,"pivot":{"x":-0.13369853794574738,"y":0.2504447400569916,"z":0.08819040656089783},"rotation":{"x":-0.3669087290763855,"y":-0.05997694283723831,"z":0.02371564693748951,"w":-0.9280364513397217},"size":21.729537963867189,"orthographic":false}