{"cameraMode":{"drawMode":0,"name":"Shaded","section":"Shading Mode"},"sceneLighting":false,"audioPlay":false,"sceneViewState":{"showFog":true,"showMaterialUpdate":false,"showSkybox":true,"showFlares":true,"showImageEffects":true,"showParticleSystems":true},"in2DMode":false,"pivot":{"x":-26.146286010742189,"y":-2.860560417175293,"z":-2.921966552734375},"rotation":{"x":-0.07871679216623306,"y":0.9091342091560364,"z":-0.2009233981370926,"w":-0.3562905490398407},"size":15.600443840026856,"orthographic":false}