{"cameraMode":{"drawMode":0,"name":"Shaded","section":"Shading Mode"},"sceneLighting":true,"audioPlay":false,"sceneViewState":{"showFog":true,"showMaterialUpdate":false,"showSkybox":false,"showFlares":true,"showImageEffects":true,"showParticleSystems":true},"in2DMode":false,"pivot":{"x":-61.66695785522461,"y":-5.38449239730835,"z":18.181230545043947},"rotation":{"x":0.07778412848711014,"y":-0.6467636227607727,"z":0.06651816517114639,"w":0.75580233335495},"size":22.631303787231447,"orthographic":false}