{"cameraMode":{"drawMode":0,"name":"Shaded","section":"Shading Mode"},"sceneLighting":false,"audioPlay":false,"sceneViewState":{"showFog":true,"showMaterialUpdate":false,"showSkybox":true,"showFlares":true,"showImageEffects":true,"showParticleSystems":true},"in2DMode":false,"pivot":{"x":801.1740112304688,"y":299.6349792480469,"z":-8.390380859375},"rotation":{"x":-0.10179666429758072,"y":-0.1329870969057083,"z":0.013737483881413937,"w":-0.9858042001724243},"size":552.0988159179688,"orthographic":false}