{"cameraMode":{"drawMode":0,"name":"Shaded","section":"Shading Mode"},"sceneLighting":true,"audioPlay":false,"sceneViewState":{"showFog":true,"showMaterialUpdate":false,"showSkybox":true,"showFlares":true,"showImageEffects":true,"showParticleSystems":true},"in2DMode":false,"pivot":{"x":-103.19338989257813,"y":1.7267054319381714,"z":215.77197265625},"rotation":{"x":-0.226338729262352,"y":-0.23624546825885774,"z":0.05668771639466286,"w":-0.9432637691497803},"size":3.66145658493042,"orthographic":false}