{"cameraMode":{"drawMode":0,"name":"Shaded","section":"Shading Mode"},"sceneLighting":false,"audioPlay":false,"sceneViewState":{"showFog":true,"showMaterialUpdate":false,"showSkybox":true,"showFlares":true,"showImageEffects":true,"showParticleSystems":true},"in2DMode":false,"pivot":{"x":-0.020677698776125909,"y":-0.1715010553598404,"z":0.5256316661834717},"rotation":{"x":0.4051549732685089,"y":0.07119635492563248,"z":-0.031666360795497897,"w":0.9109218716621399},"size":2.851304531097412,"orthographic":false}