{"cameraMode":{"drawMode":0,"name":"Shaded","section":"Shading Mode"},"sceneLighting":true,"audioPlay":false,"sceneViewState":{"showFog":true,"showMaterialUpdate":false,"showSkybox":true,"showFlares":true,"showImageEffects":true,"showParticleSystems":true},"in2DMode":false,"pivot":{"x":49.330833435058597,"y":-61.91761016845703,"z":-58.730690002441409},"rotation":{"x":-0.10469792038202286,"y":-0.8911869525909424,"z":0.3542039096355438,"w":-0.2634110450744629},"size":66.10582733154297,"orthographic":false}