{"cameraMode":{"drawMode":0,"name":"Shaded","section":"Shading Mode"},"sceneLighting":false,"audioPlay":false,"sceneViewState":{"showFog":true,"showMaterialUpdate":false,"showSkybox":true,"showFlares":true,"showImageEffects":true,"showParticleSystems":true},"in2DMode":false,"pivot":{"x":6.765580654144287,"y":-18.651195526123048,"z":34.15346145629883},"rotation":{"x":-0.3233002722263336,"y":-0.03148440644145012,"z":0.01075499877333641,"w":-0.9457294344902039},"size":29.10133171081543,"orthographic":false}