{"cameraMode":{"drawMode":0,"name":"Shaded","section":"Shading Mode"},"sceneLighting":true,"audioPlay":false,"sceneViewState":{"showFog":true,"showMaterialUpdate":false,"showSkybox":true,"showFlares":true,"showImageEffects":true,"showParticleSystems":true},"in2DMode":false,"pivot":{"x":404.8575744628906,"y":-297.12664794921877,"z":337.5691223144531},"rotation":{"x":0.24367493391036988,"y":0.43953341245651247,"z":-0.1251974105834961,"w":0.8554439544677734},"size":302.2090148925781,"orthographic":false}