{"cameraMode":{"drawMode":0,"name":"Shaded","section":"Shading Mode"},"sceneLighting":true,"audioPlay":false,"sceneViewState":{"showFog":true,"showMaterialUpdate":false,"showSkybox":true,"showFlares":true,"showImageEffects":true,"showParticleSystems":true},"in2DMode":false,"pivot":{"x":-175.6543731689453,"y":100.66768646240235,"z":115.34003448486328},"rotation":{"x":0.19010412693023683,"y":-0.10141510516405106,"z":0.019747452810406686,"w":0.9763134717941284},"size":11.39050006866455,"orthographic":false}