{"cameraMode":{"drawMode":0,"name":"Shaded","section":"Shading Mode"},"sceneLighting":false,"audioPlay":false,"sceneViewState":{"showFog":true,"showMaterialUpdate":false,"showSkybox":true,"showFlares":true,"showImageEffects":true,"showParticleSystems":true},"in2DMode":false,"pivot":{"x":10.318769454956055,"y":-6.028853416442871,"z":3.0617218017578127},"rotation":{"x":-0.2056283801794052,"y":0.0431395098567009,"z":-0.009072341024875641,"w":-0.977638840675354},"size":36.41147232055664,"orthographic":false}