{"cameraMode":{"drawMode":0,"name":"Shaded","section":"Shading Mode"},"sceneLighting":false,"audioPlay":false,"sceneViewState":{"showFog":true,"showMaterialUpdate":false,"showSkybox":true,"showFlares":true,"showImageEffects":true,"showParticleSystems":true},"in2DMode":false,"pivot":{"x":-20.12814712524414,"y":-19.712080001831056,"z":31.816978454589845},"rotation":{"x":0.30742064118385317,"y":-0.18650281429290772,"z":0.06156618148088455,"w":0.9310981035232544},"size":29.716890335083009,"orthographic":false}