{"cameraMode":{"drawMode":0,"name":"Shaded","section":"Shading Mode"},"sceneLighting":false,"audioPlay":false,"sceneViewState":{"showFog":true,"showMaterialUpdate":false,"showSkybox":true,"showFlares":true,"showImageEffects":true,"showParticleSystems":true},"in2DMode":false,"pivot":{"x":2.8377304077148439,"y":-2.9942069053649904,"z":10.842781066894532},"rotation":{"x":0.05013151466846466,"y":-0.9455994367599487,"z":0.2687413990497589,"w":0.17645420134067536},"size":14.008950233459473,"orthographic":false}