{"cameraMode":{"drawMode":0,"name":"Shaded","section":"Shading Mode"},"sceneLighting":true,"audioPlay":false,"sceneViewState":{"showFog":true,"showMaterialUpdate":false,"showSkybox":false,"showFlares":true,"showImageEffects":true,"showParticleSystems":true},"in2DMode":false,"pivot":{"x":-42.917205810546878,"y":-10.27027702331543,"z":3.68196439743042},"rotation":{"x":0.1392674744129181,"y":-0.8577397465705872,"z":0.3091183304786682,"w":0.3864396810531616},"size":33.57304763793945,"orthographic":false}