{"cameraMode":{"drawMode":0,"name":"Shaded","section":"Shading Mode"},"sceneLighting":true,"audioPlay":false,"sceneViewState":{"showFog":true,"showMaterialUpdate":false,"showSkybox":true,"showFlares":true,"showImageEffects":true,"showParticleSystems":true},"in2DMode":false,"pivot":{"x":-1.9113973379135132,"y":-4.725713729858398,"z":-3.3617749214172365},"rotation":{"x":0.33651697635650637,"y":0.25529196858406069,"z":-0.09531993418931961,"w":0.901390790939331},"size":14.142599105834961,"orthographic":false}