{"cameraMode":{"drawMode":0,"name":"Shaded","section":"Shading Mode"},"sceneLighting":false,"audioPlay":false,"sceneViewState":{"showFog":true,"showMaterialUpdate":false,"showSkybox":false,"showFlares":true,"showImageEffects":true,"showParticleSystems":true},"in2DMode":false,"pivot":{"x":8.817892074584961,"y":3.9810757637023927,"z":-10.771093368530274},"rotation":{"x":0.06534916907548905,"y":0.010161949321627617,"z":-0.0006519620073959231,"w":0.997827410697937},"size":1.3608601093292237,"orthographic":false}