{"cameraMode":{"drawMode":0,"name":"Shaded","section":"Shading Mode"},"sceneLighting":true,"audioPlay":false,"sceneViewState":{"showFog":true,"showMaterialUpdate":false,"showSkybox":true,"showFlares":true,"showImageEffects":true,"showParticleSystems":true},"in2DMode":false,"pivot":{"x":-0.08619099855422974,"y":92.89100646972656,"z":1005.3187866210938},"rotation":{"x":-0.11715194582939148,"y":0.6582884192466736,"z":-0.10475447028875351,"w":-0.7361822128295898},"size":7.478817939758301,"orthographic":false}