{"cameraMode":{"drawMode":0,"name":"Shaded","section":"Shading Mode"},"sceneLighting":true,"audioPlay":false,"sceneViewState":{"showFog":true,"showMaterialUpdate":false,"showSkybox":true,"showFlares":true,"showImageEffects":true,"showParticleSystems":true},"in2DMode":false,"pivot":{"x":-31.804340362548829,"y":-44.05476379394531,"z":-52.230918884277347},"rotation":{"x":-0.10187692195177078,"y":0.8980783820152283,"z":-0.3076169192790985,"w":-0.2974521517753601},"size":50.84136199951172,"orthographic":false}