{"cameraMode":{"drawMode":0,"name":"Shaded","section":"Shading Mode"},"sceneLighting":true,"audioPlay":false,"sceneViewState":{"showFog":true,"showMaterialUpdate":false,"showSkybox":true,"showFlares":true,"showImageEffects":true,"showParticleSystems":true},"in2DMode":false,"pivot":{"x":-10.04930305480957,"y":-2.3425979614257814,"z":10.081871032714844},"rotation":{"x":0.20991817116737367,"y":0.18383824825286866,"z":-0.04022425785660744,"w":0.9594404697418213},"size":29.48240852355957,"orthographic":false}