{"cameraMode":{"drawMode":0,"name":"Shaded","section":"Shading Mode"},"sceneLighting":true,"audioPlay":false,"sceneViewState":{"showFog":true,"showMaterialUpdate":false,"showSkybox":false,"showFlares":true,"showImageEffects":true,"showParticleSystems":true},"in2DMode":false,"pivot":{"x":-6.530000686645508,"y":-1.6500000953674317,"z":28.3700008392334},"rotation":{"x":0.21952271461486817,"y":-0.10058992356061936,"z":0.022728191688656808,"w":0.9701496362686157},"size":8.208525657653809,"orthographic":false}