{"cameraMode":{"drawMode":0,"name":"Shaded","section":"Shading Mode"},"sceneLighting":false,"audioPlay":false,"sceneViewState":{"showFog":true,"showMaterialUpdate":false,"showSkybox":true,"showFlares":true,"showImageEffects":true,"showParticleSystems":true},"in2DMode":false,"pivot":{"x":997.75537109375,"y":525.2643432617188,"z":1.74761962890625},"rotation":{"x":0.06725980341434479,"y":0.07475993037223816,"z":-0.005047536920756102,"w":0.9949235320091248},"size":457.74810791015627,"orthographic":false}